{
  "SVM": {
    "accuracy": 0.9647239263803681,
    "f1_score": 0.9642044911438942,
    "precision": 0.9656755599754626,
    "recall": 0.9647239263803681,
    "auc": 0.9933560853563381,
    "cm": [
      [
        85,
        15,
        0,
        1
      ],
      [
        3,
        194,
        0,
        0
      ],
      [
        0,
        0,
        190,
        3
      ],
      [
        0,
        1,
        0,
        160
      ]
    ]
  },
  "RF": {
    "accuracy": 0.946319018404908,
    "f1_score": 0.9445654254724037,
    "precision": 0.9476619349172242,
    "recall": 0.946319018404908,
    "auc": 0.994924857803189,
    "cm": [
      [
        75,
        23,
        1,
        2
      ],
      [
        4,
        193,
        0,
        0
      ],
      [
        0,
        0,
        189,
        4
      ],
      [
        1,
        0,
        0,
        160
      ]
    ]
  },
  "ET": {
    "accuracy": 0.9478527607361963,
    "f1_score": 0.9462771158089798,
    "precision": 0.9495982846104758,
    "recall": 0.9478527607361963,
    "auc": 0.9964889701676538,
    "cm": [
      [
        76,
        22,
        1,
        2
      ],
      [
        4,
        193,
        0,
        0
      ],
      [
        0,
        0,
        189,
        4
      ],
      [
        0,
        1,
        0,
        160
      ]
    ]
  },
  "Weighted": {
    "accuracy": 0.9616564417177914,
    "f1_score": 0.9609293738255975,
    "precision": 0.9627698134855317,
    "recall": 0.9616564417177914,
    "auc": 0.0,
    "cm": [
      [
        83,
        16,
        0,
        2
      ],
      [
        3,
        194,
        0,
        0
      ],
      [
        0,
        0,
        190,
        3
      ],
      [
        0,
        1,
        0,
        160
      ]
    ]
  },
  "Stacked": {
    "accuracy": 0.9677914110429447,
    "f1_score": 0.9673910197737318,
    "precision": 0.9681005697196249,
    "recall": 0.9677914110429447,
    "auc": 0.9962761857009453,
    "cm": [
      [
        87,
        12,
        0,
        2
      ],
      [
        4,
        193,
        0,
        0
      ],
      [
        0,
        0,
        191,
        2
      ],
      [
        0,
        1,
        0,
        160
      ]
    ]
  }
}